4d675c67-a13e-47b1-9da4-68f6e133f310,Product-1,This is a description for Product-3.,Home,150.03,2213,3.4,S5EA19HZRPCDAR61QVJJ,9.73,7.72,25.54,39.43,517bcd5d-beb6-48b0-866a-54505e0294f8
a96e447c-dc1f-456a-8f60-c25d722afe1c,Product-2,This is a description for Product-2.,Home,64.72,972,4.9,C7CJDUF3E0PGX14OSQHA,6.81,48.29,30.75,26.62,bc457800-6f3d-4b5f-bdfd-3d299ab8e842
0d3c12af-db6d-455c-98ba-fb81e21e6264,Product-3,This is a description for Product-1.,Clothing,441.14,3117,4.2,N97N5N9KNURB90PV2UE5,3.77,7.71,27.36,46.46,5856a4b7-7cac-497d-8eb8-9b51a1f3b9d3
a67f3b28-b21f-45cb-9366-9004a44b5d8a,Product-4,This is a description for Product-4.,Home,906.61,5174,3.9,06J72O2JXXGSOYZNZKPF,7.5,4.56,43.78,28.98,0435a45d-034b-426a-a9da-b38ed2d21667
10711d7c-424a-4cee-93b8-78bd77a2477d,Product-5,This is a description for Product-5.,Toys,993.18,243,3.5,R5YCPPTG025JRRGJ1HVY,0.13,49.42,7.89,16.07,b5f6aaa4-a767-464a-82fc-a07ca0f8301f
f517522e-d873-4ffb-a9ce-267000b78788,Product-6,This is a description for Product-6.,Home,267.55,4800,4.8,N2S1EMN9AXG1T3GBPZU7,5.99,24.08,12.57,38.79,1679a0ef-1c07-4dde-b2d4-69ba6bc8f998
55c7cc15-3ad3-4f46-9c85-3dc4447535db,Product-7,This is a description for Product-7.,Accessories,787.11,4296,4.1,Y982ATUU1ISM9I1O7EV8,3.03,10.69,26.93,28.96,acd02d64-24e9-414b-a13a-c9df697a7a03
1d265809-3dc9-4cdd-b733-a314521e809a,Product-8,This is a description for Product-8.,Accessories,617.03,924,4.3,TB55MBGLTGFO3FNX3Y7J,3.49,43.8,21.98,3.47,d4e43617-4940-44fc-94da-39ce9da8a05a
17d64e8e-f909-48b6-a389-97fcbb5d1025,Product-9,This is a description for Product-9.,Accessories,599.15,961,4.8,M9450FMXKYRAMAI0S190,5.96,20.01,6.42,10.65,53eeced1-471c-422e-abe4-ddde186995d0
aa4bc6f3-5bc8-44cd-a69e-35453f43c1fc,Product-10,This is a description for Product-10.,Accessories,912.3,1105,3.9,UX7I1K3H9B6BIMUIJWA2,9.32,43.9,20.75,14.09,e93e3186-0135-4f72-8999-e4103d1f4539
692881c4-42b7-4bc5-917f-22c500ee18b3,Product-11,This is a description for Product-11.,Electronics,807.23,3815,4.6,HFKX1TF4BTZP6YJRLF88,1.64,9.57,37.14,35.09,028c88bd-34be-4307-b680-6d22d16eedf6
85c8dc6b-7286-4a81-9549-d306f00cfedd,Product-12,This is a description for Product-12.,Home,549.23,2958,4.7,KPE2FDUOSUX6T68DF987,4.69,49.6,49.45,19.36,02f7a958-2d0f-489d-b5ef-2db592fd8bab
4ab8186f-dc24-4fe9-9ad9-6c602f5f028e,Product-13,This is a description for Product-13.,Home,304.97,1993,4.8,SZS63BMAO1YJLCQJ0H9C,7.21,34.67,27.24,16.09,3980ddcc-122d-4ec8-8b8b-8f9b0e37e1af
b6f03a46-c561-4ae2-a54a-5b762a1170de,Product-14,This is a description for Product-14.,Electronics,486.4,290,3.9,XUD08AVIJ48R8WP9Y677,7.47,44.88,44.6,36.68,06dbbc71-1b38-4af9-a41f-b795d6dc0a03
ece79397-6be6-4a58-8eee-63c05630956f,Product-15,This is a description for Product-15.,Toys,940.61,8425,3.1,3R0Q4Z40EN28SN2IK9W0,0.68,46.45,7.5,19.54,362c8774-5fa0-4b18-8f19-f6ddcc55729d
5a7e7e60-2640-4b7e-aad4-63e1e68dd447,Product-16,This is a description for Product-16.,Clothing,802.49,2126,4.8,79Z9S89XECHE45QXMTKN,1.61,39.48,6.56,3.33,48dfe8b4-5388-41b7-a8fa-6594a2499e04
2d97659b-cd63-476c-b80f-478d1fa4aa8a,Product-17,This is a description for Product-17.,Home,729.38,450,4.3,T91IJ6CS6VXWPW2FSM9F,6.88,48.32,31.6,29.69,77495d92-58b5-4e2a-b032-c2699126a10a
6df11bbf-3daf-4cb2-b56e-39c5e8050891,Product-18,This is a description for Product-18.,Accessories,106.8,8700,3.9,GCUW9YJFSDC8WZQMTWPC,4.22,29.07,31.86,30.32,b770143c-455e-4d87-ad02-40679f3b72e6
1ab26039-c77f-453a-ae6c-ec669f54b034,Product-19,This is a description for Product-19.,Home,202.28,7806,3.8,EAYSZ3LSP2J21JD9YDOX,6.5,9.81,24.21,39.51,279fcc99-172f-45f3-b4fe-68510b2bb82d
49e8184a-ad41-4e46-9330-c7f638076b6a,Product-20,This is a description for Product-20.,Electronics,82.79,8608,3.8,D1I5E5TAXZ87I8FI3LQB,4,44.13,23.76,37.49,aa9d733f-bca6-432f-9929-58ac21fdfd4f
89e4a560-f075-404e-92e9-6393df18d856,Product-21,This is a description for Product-21.,Toys,257.9,9037,3.6,EFDQ3DU9W90U3O5SF2T1,1.42,28.91,16.91,13.34,aa6336c2-add3-43bd-a6bb-19499b1fb24c
f3c03336-9de3-4f4c-a392-0a97c1e50453,Product-22,This is a description for Product-22.,Home,745.19,3800,4.6,PA0WJ8DIXPTSK3XOKDTQ,4.15,24.26,23.18,34.84,1723c016-285b-49e1-91c1-66e6fd0684df
3a7d7be9-4592-46f7-980e-ef0efe4ffda5,Product-23,This is a description for Product-23.,Clothing,351.39,4095,3.3,NBOV0Y7PNM6ZS8SP6HDP,7.12,36.05,10.64,29.5,f324a2f9-6112-4293-a36f-92a36b82ea35
97c46f8d-2882-4a36-a161-a6d6040cd6b9,Product-24,This is a description for Product-24.,Home,969.44,5019,3.7,0RZH0CYL2R2NOZUB2YTX,3.52,2.12,6.24,3.46,cc14dba9-5f31-414e-a2fd-ef9606f087da
8a51afd9-2bf7-418f-8239-4395f4bcfc90,Product-25,This is a description for Product-25.,Sports,388.05,7842,3.7,3NP8OIALL415V25E5NY5,3.29,15.34,48.98,25,5be8df03-63f8-43ea-97f0-8bd7c27641f5
3a441097-c4de-4670-a786-7ba838287899,Product-26,This is a description for Product-26.,Clothing,410.67,6553,1,OCJS2MHQG5V5OM6YOK2W,8.85,36.49,49,36.76,1056d67a-1dc9-4d4d-b002-472793993460
8443c2c4-708e-4ab3-8823-7ae82d82789a,Product-27,This is a description for Product-27.,Home,722.3,2379,4.2,UVTHFFXFAIFPDXJZ53VU,4.73,22.95,9.23,36.14,c13db701-31b8-437f-b2e3-f93cfce4db5a
e7368bcf-e1aa-4ae6-a158-5aa2d882a44b,Product-28,This is a description for Product-28.,Clothing,98.89,1983,4.7,NWODTRSDRB798Y4MNYGR,4.2,7.32,18.04,40.41,a81e34ad-436b-4f14-8efd-9946c3bd30e7
4bc2a2e8-4bb4-497c-bdb8-613dd2c09a0f,Product-29,This is a description for Product-29.,Toys,953.45,9492,3.9,A52SJ0H2NLX19IOKBNX4,3.17,22.84,3.65,15.3,415c0e6c-ff75-4d19-a755-5d268a0b7249
58a74572-1971-4c44-b205-195f7f268a7a,Product-30,This is a description for Product-30.,Home,136.06,3407,3.8,7708C2XA75COSMB1083J,8.92,34.24,26.07,20.39,396949c4-7f91-44c9-84b5-bcd3f9983e93
faba036e-7e03-4b49-a84d-8a70fc9d095b,Product-31,This is a description for Product-31.,Home,636.58,3803,3.9,M0HAQGZGRXCCMHYQ11Z4,4.03,16.87,9.36,29.14,44a75e4b-cbe5-4e21-bb18-333dc6224f5d
b510ac55-2d0c-4bec-bf44-932c05390aec,Product-32,This is a description for Product-32.,Home,885.14,6839,4,6Z5NN63R5RDIP7OPR0ZB,8.7,42.52,45.4,37.72,41d51e2f-e2db-42c4-924a-c407f2c96ddf
532262c0-0d52-4614-af84-77bb613c6bed,Product-33,This is a description for Product-33.,Home,610.97,6890,4.4,V054RO16YCDAH5N7PODB,6.23,4.15,15.45,13.14,3961afca-624e-4729-bbd0-4a76cb5dc66c
c1d91a13-e6d3-4ea1-96f6-4a912226e4db,Product-34,This is a description for Product-34.,Home,802.15,9186,4.1,BSPHUWMHVUB0CIKXFONK,2.37,36.63,35.69,25.68,2b309a6f-f677-4a34-965b-953831e73375
256bf65b-ab69-4ad2-bb1f-8ce11fc95861,Product-35,This is a description for Product-35.,Home,767.94,2449,3.8,NIBMQQJGUZS7BYT1QEX2,5.76,33.77,29.54,28.33,8d7d7965-ccfe-431b-9795-80737417a374
6b5ecd04-17f9-4fba-ba33-1a958dd97c04,Product-36,This is a description for Product-36.,Toys,916.12,6347,4.1,T8KT8USFWKFYI2BR5V4V,1.5,16.92,30.2,33.06,031e3f74-5dfa-4c30-aeb3-64832b323683
21bd58d7-c9c9-4d73-b545-df06b98b785e,Product-37,This is a description for Product-37.,Toys,318.61,6426,3.8,ONG4YJKQZ9DTT2QVUP2D,2.84,38.76,38.96,22.1,d26a45b3-6a4d-4e5e-9bfc-24865a72c938
8df2b66d-85b4-463d-bb89-47f7a0b9aa93,Product-38,This is a description for Product-38.,Electronics,839.57,1924,3.3,ESE5NJYP2T5N7EJF66HZ,8.76,6.43,18.63,30.82,1a889113-a1d2-4251-b21e-2dded08de05e
ec62826b-b3fa-4c39-bcad-e463ffa08fa1,Product-39,This is a description for Product-39.,Home,81.71,3594,3.6,2XFDI6FOGF4M1AJE4PJA,7.25,33.4,25.49,9.13,cc50a055-0a3e-4e2c-a9a2-749cf2fde99b
2329ea68-3eee-40d0-89c2-90745ac66ea3,Product-40,This is a description for Product-40.,Electronics,676.7,5302,4.4,TYX6JKMCCUTVAXAGE38U,9.42,1.11,10.8,20.12,4c1ba3ef-01d8-4b6d-a123-c7b8db686865
5f997880-fc97-403d-a255-0357d19271fd,Product-41,This is a description for Product-41.,Toys,34.38,321,2,5IVTXRCSEV03470KOTD5,6.54,41.01,49.84,18.34,10564533-7d88-4f77-b690-9aebea8ff344
3f386230-e95c-4724-bf62-1e5708d5ea0e,Product-42,This is a description for Product-42.,Electronics,737.45,9627,4.2,R2KXX84C4L4KY7ILF4NW,7.98,44.34,37.63,29.96,ac7ff8a6-a686-4e80-b327-8707a78aa80e
7da1a08d-0c3b-4746-9a9c-3241ab978071,Product-43,This is a description for Product-43.,Electronics,807.08,8020,4.1,MX2SGUJSP5K3N8GXWJKA,8.11,27.07,7.62,37.46,d7527c9a-20d6-47d8-b37e-05b181458394
aac8a219-507b-4a1a-ae1b-e287600c7d3b,Product-44,This is a description for Product-44.,Electronics,370.34,8288,4.6,4UWWNMK9S27G0PLVLG44,5.17,5.49,16.85,30.28,93cc6323-9e08-488f-b650-2c8d406e16f2
87ada56f-d21e-4619-bd1c-f3c67e9d6e51,Product-45,This is a description for Product-45.,Electronics,592.79,7719,4.5,GDDYNX80CD281DOHLSLV,2.31,49.01,48.89,28.2,03d52aff-4169-454c-b7ea-5be17cfa7ab7
e2e02f4e-a1d2-4c9f-ba0a-37b9c689a46a,Product-46,This is a description for Product-46.,Toys,143.47,817,3.6,H1N1IUUH7547DL2J4IEN,2.11,1.8,1.52,8.99,4e9a1988-00fd-40eb-8d15-0cc5a69f8e3a
ec5ad36f-94a9-4882-a0ce-90d026a124a5,Product-47,This is a description for Product-47.,Accessories,259.05,7583,4.1,AKYYHU2QZRRI1OWSR484,9.35,26.93,26.96,5.64,020c4f85-8c54-4111-b483-7cf69897f15a
342d8530-8eeb-436d-9316-c1295f2feec6,Product-48,This is a description for Product-48.,Home,879.47,5544,4.1,O0312I5BF2CL1J4A4FPR,3.83,20.26,11,37.38,861ff43b-9ee9-4f86-905f-86316bfa6c9c
56432f8a-2e13-47a8-b9b5-1c28eb795e4a,Product-49,This is a description for Product-49.,Toys,285.45,4903,4.4,Q4B4NMUMT2TSSEI65G6E,8.16,7.69,36.84,16.55,8e7320b4-17d6-41d2-b742-a3e949111138
8cad77b9-dbde-4ed1-ab10-d25568d95c29,Product-50,This is a description for Product-50.,Accessories,843.91,4968,4.1,W4D3UQMWFBL9090T60LY,5.53,45.27,21.91,2.3,80b74bb6-8b94-47fb-8c28-f5e58cce6662
dacd8efa-5ed2-4f8d-ae08-e53448d257a6,Product-51,This is a description for Product-51.,Home,73.53,9797,3.7,VWYOROHZ1KDGXOV40OS4,4.11,5.02,23.9,46.8,d9c43f33-f5fb-419a-9288-55d9266c348e
4f9abbd7-2e5f-4848-b5d4-1d27d5ff095d,Product-52,This is a description for Product-52.,Electronics,398.87,3035,3.8,13EAJ85I0N5RTQVF7P2G,4.56,39.7,18.68,33.29,0b679102-6557-4848-8f76-86e005bc0528
4f325203-a439-4be3-a329-43d2a2edc79f,Product-53,This is a description for Product-53.,Electronics,890.07,8649,3.3,8VVG9NQZKWZ1X8GS2NYE,8.4,7.86,18.7,19.36,84db3613-69d4-4ba6-ab84-5eb8eabe80c6
4281df10-f05d-4f60-a45e-0fb357a16cc8,Product-54,This is a description for Product-54.,Accessories,974.85,3229,3.2,V2OIRHV3HNGMADT5XM8D,8,20.05,14.42,17.62,91d2c499-fb4e-491d-a1d7-50621114a3e7
a4dabaec-04d0-4c05-ac92-21f54bf1ceeb,Product-55,This is a description for Product-55.,Toys,303.77,5824,3.9,J5F5M82PFA2KIVAJ5EWT,4.23,16.07,9.86,4.25,dcc75877-df5a-4495-99de-5198302ca449
711e07e1-3fcd-448a-bc93-712c2cac1ea2,Product-56,This is a description for Product-56.,Toys,701.82,9633,2,OPFMTFL4IVCAV5H3BGXW,9.44,2.4,15.97,19.95,e9fb5363-232b-4927-8147-3b2997668929
5480c328-89de-4d31-b60b-903af8fecdf0,Product-57,This is a description for Product-57.,Electronics,161.09,3047,4,4WMWOLIZGN8KDD40ZMKF,8.33,42.79,28.08,47.87,dc2e6658-9973-4cd2-870a-74425957d8a8
5a29b054-6100-4e66-9ea5-15e1ec42c0df,Product-58,This is a description for Product-58.,Electronics,722.05,4853,4.5,DP102PMF6X36K3FOSKTP,9.53,14.39,18.71,28.16,aed46066-60ab-44de-81ec-738678f05a20
c67c2cd9-dca2-4cd3-8a76-d5116931f200,Product-59,This is a description for Product-59.,Accessories,342.04,706,3.8,YX7XGCT7TCAWTR4N7ZYW,6.02,33.89,9.16,49.77,e223485d-f5bf-46b7-99ef-875a1ec63fbf
7a4271a8-c1cb-4d4c-8bf5-5a443936ba49,Product-60,This is a description for Product-60.,Home,152.48,7760,3.8,ZIIHTIP968H2CO1JHMEO,7.42,8.12,12.9,31.48,e5c9e5c5-f648-4f5b-83c8-0a86f3032328
517822f2-1e67-4cbd-bae5-e79e7ea33177,Product-61,This is a description for Product-61.,Toys,490.21,1293,3.2,DWEQF7AP59UTUIVA0XQK,4.17,3.47,39.7,44.28,14e92568-813c-471b-87b0-9548830ff3b1
baef8629-3a17-46e0-a10f-86f85752ef27,Product-62,This is a description for Product-62.,Toys,487.36,1678,2,DGE5KD6E45M47SAIHFUN,3.16,47.35,38.46,14.64,06afc9aa-7f8f-4ee7-9b59-cfcc6491fde3
1c6c39e0-c3fb-4d4c-aca3-2ff0f99922de,Product-63,This is a description for Product-63.,Toys,725.95,2264,4.7,ILKYJZ1AYZAA4RQDTADV,7.84,21.5,16.06,23.35,2a1f7baa-9b66-4917-bb7d-b545fde3d2ce
c2417bb0-0949-4b02-b6b3-c43901487048,Product-64,This is a description for Product-64.,Clothing,616.84,5353,4.4,N3DIPQ7CSCJM5CL5SFHR,0.22,46.89,39.82,44.75,41bcac86-6bcb-484f-aa5a-4a2c84127923
201f7fb7-ac60-4cca-82b6-be4693778e1a,Product-65,This is a description for Product-65.,Accessories,744.15,518,3.7,LOZVNDECA09QCVZNIS9Q,6.96,20.19,33.61,41.99,507639fa-b477-4f1c-be89-8d92d4937342
c8687031-9fb1-4723-8ec3-60106383f2a4,Product-66,This is a description for Product-66.,Home,94.78,8691,3.8,C4O7TP9DKJASSQ7KX5IQ,5.22,48.84,39.56,31.36,a806e26c-d5e3-4523-adf5-c52529e70963
17ed7b2e-8a54-4a5b-8b36-8bf86501a222,Product-67,This is a description for Product-67.,Home,17.43,8857,4.7,A6263CQLBZ9K41CI7E9U,7.64,23.93,36.91,4.46,44704c32-89b0-4214-819f-f455b4281c79
07157202-643c-4780-8790-aded1e8b9b81,Product-68,This is a description for Product-68.,Home,553.39,9289,3.7,0DRIOMOI2GTQYKPFZ8DK,5.16,16.92,39.42,21.79,ea497599-81e6-4aa8-aa0f-e3aa90faece1
408958e1-fce5-4228-b721-e34130665dd4,Product-69,This is a description for Product-69.,Home,397.11,1478,3.7,TTEDD5ODEGUGW9R53MDS,5.15,40.77,29.17,37.19,35b51606-affd-4c76-b1a7-2102a0e17979
3b5f46c4-65f2-41f1-9616-8a7d18e90275,Product-70,This is a description for Product-70.,Home,957.54,8040,4.1,T02YA0VCMWWBVJUH4CO1,9.59,9.38,8.32,37.24,ad2d12b7-ff84-4a9c-8516-2d4eb880f0ce
ffcfdaf5-b55a-474e-8b2b-c4a0e1a8dc5c,Product-71,This is a description for Product-71.,Toys,278.24,6827,4,BLKLHQR8ZY61OOZ9GVV3,5,8.4,16.42,28.17,7c7c5270-f93d-4f96-acec-2ee7368fe816
037c236c-4950-44dc-a0bd-55cd74c39b9e,Product-72,This is a description for Product-72.,Accessories,25.9,1922,4.4,E619NHFZ7C3U2W8054BL,0.14,25.7,47.92,27.11,f19c0388-86be-4f3a-ab04-e20a171fdd2a
c995a649-5818-4e60-9c03-b1c12d249473,Product-73,This is a description for Product-73.,Home,511.72,6068,4.8,7VUGYJOZI7VS9XX0SPVR,2.82,42.84,12.85,22.77,2a3c7195-6d3e-4b32-b91a-bfb1a16d8e5e
0140db11-e7f4-44cd-8dae-c6f483b5a7da,Product-74,This is a description for Product-74.,Accessories,546.25,6437,3.6,9KJSR2A2TF9XB3PNCW73,3.38,42.61,17.98,22.5,e36ec062-c542-44b0-b267-a57d3a8c544f
8903e821-f89b-4e8d-acd3-184df2b5daea,Product-75,This is a description for Product-75.,Electronics,859.72,8993,3.4,M6VOYJE7COSVN1Q7IBO4,8.54,33.64,28.11,13.35,8ffff107-ea88-46a8-b445-58889591b7e9
33bc179f-255a-444d-91bf-5f80052f4bf3,Product-76,This is a description for Product-76.,Electronics,332.52,9961,3.9,7N6ZPUNV8VCMBWM2N4IM,0.51,1.39,37.55,48.35,127e4a65-2cfb-42f6-bc9b-2587ca3925c4
801dddca-a7b8-4e4e-926a-429e9fcafef9,Product-77,This is a description for Product-77.,Clothing,65.88,6530,3.5,F5241HSRLPCMXH2XDDUQ,6.61,34.06,48.2,8.79,cdc6782e-912e-4fd4-8727-5926017bf2db
3ee8904f-ed84-44b5-8cbe-b0660ddd5e16,Product-78,This is a description for Product-78.,Toys,840.93,2435,4.7,5LZ5Y6RX9ZRCYTGQX8PX,6.25,8.19,38.52,17.58,ee1f2aae-5031-4611-a1ad-ad5561d473f5
91e2a3ed-eed2-44f3-ae09-fe38cbc3f99b,Product-79,This is a description for Product-79.,Home,713.1,551,4,607D79S65A5RWPK8E391,0.44,10.92,47.54,17.52,7a2d9ada-e7fe-4da6-985a-ecc127e76fbb
54e9b7e6-c945-4a4e-a57f-f2e20bf32a98,Product-80,This is a description for Product-80.,Accessories,947.72,7520,4.6,6JV99I407UO6MOY7KB7B,8.27,9.5,18.68,43.83,5fd87e7e-c2f7-42bc-8ebd-20a390cb484c
84e71258-7e11-4523-a053-e2fb470c0159,Product-81,This is a description for Product-81.,Electronics,848.74,9953,4.9,OI5RMIYXPDZY2CK1VAJB,0.59,26.8,4.41,3.54,70af714b-4a63-42d9-9975-cf036083632b
de4c93c6-48c2-4ad2-91ad-acde0bc330fd,Product-82,This is a description for Product-82.,Toys,926.89,2878,3.5,THTZ7R4VC3B5JBZ2R1OV,3.28,35.52,1.51,10,20cbf1df-fb0c-4a5c-9414-6c4c5378eab7
4aa53836-0c89-4f20-a9fe-9463fbee417e,Product-83,This is a description for Product-83.,Home,762.82,2703,3.9,J74920IR2PHVLNMCRTRP,1.97,41.34,33.6,46.44,5b0b5cfa-b05d-4fa8-ae8a-6abfa414136d
ac18b011-08f5-4d38-a2f8-7d0df096775f,Product-84,This is a description for Product-84.,Clothing,599.01,5522,4.5,W80S4HN6352F0A518TGU,9.77,28.7,14.18,22.29,121c7eda-3f09-487a-80e7-4bfe0a7af36e
94226239-733d-4f55-90b1-06cb315b93fe,Product-85,This is a description for Product-85.,Electronics,193.57,2280,4.4,G63MZZP60TSAIE4BYY4N,5.9,30.78,14.18,39.94,175af112-6561-4888-911c-35f067e1488d
8f0d604a-9f0e-4a6d-8b3d-6549d6adcb47,Product-86,This is a description for Product-86.,Electronics,914.91,1166,4.3,A1HMZYBK3GUEQV9FQZD8,9.81,48.65,31.14,44.55,48f3c19f-cc59-4ed8-83b1-f90af0ad7c3f
e07e8962-bdbc-4d19-91e7-4a1c97c398b8,Product-87,This is a description for Product-87.,Toys,82.47,1476,4.1,5A9UQ1OYUOGRBBW95APZ,1.1,16.45,34.55,47.11,d2ff3551-8814-417a-bb22-f3c146bedfdb
da013f9f-cee1-4b60-8e59-8d23c9a95252,Product-88,This is a description for Product-88.,Toys,647.71,1830,2,MI48KZR17LP7MCP45932,0.53,36.25,33.67,31.64,10106c0f-b1b3-4d72-8225-ce7edcdb35d7
25a47594-39db-415d-9c15-bb6ff4fd8bc2,Product-89,This is a description for Product-89.,Home,906.51,7924,4.5,LS7X8XG9UL3CEI34Q2H2,2.02,32.18,49.75,28.82,183f3ec7-f25f-4e20-bca2-5697c0be1f04
581bd444-856c-48d4-b30c-a4017dc2b284,Product-90,This is a description for Product-90.,Home,642.95,8922,5,HHM6DOFZXLQ5JQTPZUOQ,1.65,45.35,7.08,30.25,92d41553-0ab4-4851-8439-f05d06da2a04
aa78c0cb-ad90-471c-b8b5-e30eaa10ba65,Product-91,This is a description for Product-91.,Home,496.25,8061,3.9,XEBU9JD0L09FWO38B6AU,5.63,25.56,1.11,12.57,fe9ed527-e3c9-4d98-b889-2f8d0c62326a
4d83cb4c-f5cd-414b-aa26-fb19bbdf568e,Product-92,This is a description for Product-92.,Accessories,95.51,5148,3.6,8FMOIZIHSRU75ZG8FPKV,8.87,22.96,47.02,22.14,f652fea7-57ea-42c6-bd86-a512b77f2247
0c2248c7-394b-46c6-97f6-8d016eb0b68a,Product-93,This is a description for Product-93.,Toys,541.95,5997,4.4,SU1ER8TIFVQX9PIV2GYH,7.24,46.91,20.8,41.1,4b63dbea-5ccc-4edc-8b48-734ee08e155c
6d5a2a8a-d735-4f1a-a55f-a52d115c28bb,Product-94,This is a description for Product-94.,Toys,589.48,4346,2,88PWG1V2DB11EHGVMTR8,2.58,22.3,44.32,19.98,dc8f398a-51a2-421f-9648-4517f40892a0
51d01e9b-9cf1-447c-9ba4-095899c0919e,Product-95,This is a description for Product-95.,Electronics,945.61,5394,4.2,31EMYQR48X91N29Y9980,6.49,28.53,49.83,41.65,322ec7d7-a130-4d01-8178-99c8d90516f6
f475d50e-28e2-49b5-81c5-2ab939906537,Product-96,This is a description for Product-96.,Electronics,872.43,3333,3.6,L3N56C6N2OMF2ZZGKQDU,4.07,16.93,33.77,45.01,769e5392-9cce-4988-92fe-89b8c6c8c387
518dd2b9-8088-4f8d-825b-e17b10003642,Product-97,This is a description for Product-97.,Electronics,186.69,1434,4.2,0JA1TOMZRXCM6PO4GPMH,2.86,22.96,24.86,25.86,297afbd0-ecb5-4cd0-b616-3e3d84d4ee04
f1a1fb95-8bc2-41c8-8e28-2f4f37231565,Product-98,This is a description for Product-98.,Clothing,891.77,2669,4.2,5AVWLJYPS72C0XQ34SM3,4.21,45.55,20.08,10.25,8cc3c67c-66d4-47a4-88f9-9542d1479e98
13cc954a-564d-4ce9-861e-4bdf838324d4,Product-99,This is a description for Product-99.,Toys,96.31,2391,3.8,75YFKYQRTEBTBJ66OB7R,5.67,9.06,35.8,23.86,ebbfb7eb-94c8-483b-bf4d-7346f0ddfcd0
c8d0dc1f-0f34-49d9-8de9-e6e9e5b6bb9c,Product-100,This is a description for Product-100.,Accessories,193.95,481,3.6,4HAI1OSHF5CF34I1HCYB,3.74,40.37,28.61,39.84,55fd973b-0ef2-4cc1-bd3e-3ab6b6f4f47d
347a83d2-1ff7-4de1-89ea-a62cee979eb6,Product-101,This is a description for Product-101.,Electronics,272.57,2978,3.9,HY86P9CGTH6LK6HWVKGJ,3.38,42.59,20.7,1.49,920e6e03-083d-414d-92f9-0d30c7b68433
6561a2f6-2537-4529-a24b-fcfdd16a9f73,Product-102,This is a description for Product-102.,Toys,349.64,9583,3.1,HMUBQJKITWKKITJLU0G9,8.18,41.06,24.22,12.16,fd3a0dd4-6e9e-4eeb-b63b-83dedf1600e8
c94a2b40-1a40-4a20-8a9b-3439b90ff150,Product-103,This is a description for Product-103.,Accessories,781.37,7352,3.4,PQJQSAZGIMR50CGYN3YI,9.1,31.89,33.94,25.81,5111d6b7-3556-46d3-bb49-8f8c675ddf38
b6a3af7d-6c53-434f-a930-9c993fb5d934,Product-104,This is a description for Product-104.,Clothing,807.79,1391,3.7,TBMTO4PQ5YUC9TY7HZ3S,7.1,38.1,7.58,26.25,b12c124a-c066-4f3e-96d9-0e4b6a284af2
35942684-f404-4b6e-9b36-5649af4e20d5,Product-105,This is a description for Product-105.,Clothing,451.69,4110,3.9,PG5NTM12UCUADUDU61LG,6.76,14.21,47.34,25.57,fb77b3cc-2d35-45ec-9900-78253832385e
4edbd657-d4c0-4a83-9d5a-08399a183f32,Product-106,This is a description for Product-106.,Home,286.88,3992,4.1,8AM1BZPTXM26UVPK7K1Z,0.84,3.38,19.67,6.45,4c0a5a5d-f5b9-4fed-b3fd-d222dadbaa6b
4943163b-a16f-4065-bd67-022d5e9af194,Product-107,This is a description for Product-107.,Toys,759.93,2762,3.7,36ZP6OHO7S4BZZR8BV5L,9.75,33.79,21.35,21.33,fd5d738c-5539-4eb8-8bab-c4525e8d1e21
df784ee9-8fb1-4d2a-9f79-bd82a17509aa,Product-108,This is a description for Product-108.,Electronics,588.86,1029,4.2,HBJ9LWH4RUZSQA1OD886,3.32,33.75,14.49,48.16,ccedc069-eb7d-488c-bc84-f4c1a971a70a
d778edee-3f51-48df-9a6f-f3f6d9643fb3,Product-109,This is a description for Product-109.,Home,840.31,1601,4.1,O7396DNXKVG2AO07I17W,2.95,43.01,19.47,20.41,5817ea67-8639-47ab-85fc-a2bd055f8176
a51ea3f8-1916-48ed-a477-a50cc73b07a0,Product-110,This is a description for Product-110.,Accessories,499.02,2106,3.8,KW9DMATGSSXIU2SGGZ36,2.11,12.28,15.46,19.41,57588554-a3dc-490c-8f5d-5726a4f49116
5efa2547-2f6e-4616-ba06-81752afa24ea,Product-111,This is a description for Product-111.,Electronics,276.28,8144,4.7,UB11GCMNNCAQ9LA6YECN,5.61,28.26,49.09,14.61,4d311ecf-b754-444f-ba34-fe8f4fefb17e
40e59052-3bc2-4e27-88f6-b361f8e4ac16,Product-112,This is a description for Product-112.,Home,533.45,1592,3.7,8JHN1ID846RVIOE7FNCX,6.23,4.79,24.13,10.23,7e33d2dd-4874-4577-8d61-1278e87603ea
8821a28c-1147-4ed7-895a-ae0d440ff8fe,Product-113,This is a description for Product-113.,Clothing,955.42,4695,3.9,SPIG14ANJ7ZGB9SOP19Y,9.21,39.86,32.57,32.28,4af18338-c6de-40c2-8275-5c7161812a84
1e8d29f9-4f16-4c33-9db8-1ab9fbf15622,Product-114,This is a description for Product-114.,Toys,174.96,5648,3.9,99Y6QEU75POFQAE622ZD,4.1,30.39,46.91,20.15,69ea5394-3f1f-4746-b06b-1a29ba288d21
e7068d07-1d63-48af-bdc8-8171b0940a86,Product-115,This is a description for Product-115.,Clothing,834.48,2667,3.6,8SN7HF869KGBLZE4D4AL,0.24,2.34,39.66,12.69,0d6e6478-3eab-4139-bfce-3329e4fc96cc
cc40f22c-dd86-453b-b7a0-18abd82343f5,Product-116,This is a description for Product-116.,Clothing,231.09,4819,4.6,G9217ZJQZH0NREMATZ4T,5.15,28.6,44.68,20.42,bb84135a-58f2-4500-af41-7a7a99876081
c29acf0c-92ae-46bf-b391-7155903cadae,Product-117,This is a description for Product-117.,Toys,718.05,7428,4.1,0ROWB7QSSQJUYB7E35KH,3.57,24.42,22.05,45.37,bb7a3ac7-f00d-447d-94a5-f11507871df9
f9e609ba-660b-469c-b1c8-079f2859473a,Product-118,This is a description for Product-118.,Home,515.81,9417,3.4,4KVPIUZWIKO0JMG8CW1F,5.24,12.04,45.12,45.47,4604747f-abd7-40ef-b021-db3ee22d201b
f4eff790-3801-4095-959a-ab076f25c776,Product-119,This is a description for Product-119.,Accessories,316,8180,3.9,2ZJN8M89IVLZGUDP3Q4C,8.41,4.09,30.17,33.89,dd769e96-8529-46b3-8db4-3245781b484d
ded44528-6bf2-4691-9a14-9cd4d8877c0c,Product-120,This is a description for Product-120.,Clothing,249.09,9460,3.7,6S0HWVIKDYDH4E1Q1HNN,8.06,1.13,7.94,2.47,b6fa7bf5-dfb2-48c6-adf4-4d282f511b04
5dd3b3c5-d472-444d-854f-e933c60004f1,Product-121,This is a description for Product-121.,Accessories,754.42,1335,4.2,52Z7ZL3JJSY1GCV369E8,0.7,19.09,45.1,30.94,fac8808a-11c3-4be5-b9fd-014ffbc1cc9d
cd38aa4b-b6a2-4167-a4b9-281c7771997c,Product-122,This is a description for Product-122.,Accessories,439.37,7454,4.1,5TZPI0RRNCM1YXN129JX,4.02,22.81,41.5,20.86,00d1666d-c7f7-4232-a579-09237e8182ff
469226e0-dee9-4abd-a97a-e50ac2f99dc2,Product-123,This is a description for Product-123.,Toys,375.32,5924,3.8,WVPJCYO6GYUYU4FVO9DS,1.76,24.09,24.22,15.01,0a922c9d-0c76-4918-b45e-efe6044d14f6
8b245bef-b53f-4d4b-b174-be977ee8a405,Product-124,This is a description for Product-124.,Electronics,659.8,2388,3.8,6KGXCW0E5QAM3AHJJJ5I,0.72,18.73,9.38,4.38,5e693a61-c170-4f86-b084-01f6e581466f
8923a0a1-0b2b-4bd1-b410-de63993f06e3,Product-125,This is a description for Product-125.,Toys,660.57,7528,3.9,REOFZC4PMD86RPU3N5NG,6.9,4.33,44.34,15.8,81789bcc-013f-4315-a22a-5fbf080982bf
2bb0a92f-2626-49d3-ba3a-bfeecd325dcf,Product-126,This is a description for Product-126.,Toys,136.45,6495,4.7,YB9E08N53N3FNM8AP4KM,8.66,17.75,47.58,19.91,1d9e9bb6-7c8b-448a-996c-e618477acec5
37b6d684-cdee-4d28-bbe3-81bc7cb6fd88,Product-127,This is a description for Product-127.,Clothing,513.8,5920,3,EPYPCLO2JB3NV8I2PJQ5,8.02,12.26,26.55,36.23,944dcfd1-70ea-46cf-9c0e-2ad5dd165f22
1028a417-607a-4276-99d0-0687738b09ab,Product-128,This is a description for Product-128.,Home,843.16,2144,2,PN0IH5NRGAAKA65EXWN3,7.92,28.75,11.97,12.02,a5d3a6fb-6456-4b1e-ad14-c0b8ac53b587
1ffca2d0-149c-4bf2-b310-11bceae1765e,Product-129,This is a description for Product-129.,Clothing,130.02,350,3.8,C67O36O23FJ2GLLRF6R6,2.19,8.13,30.48,33.15,f212c426-89d3-44b1-84b2-492004dac2e2
81f3b155-d517-46dc-9776-6f4b83a9ba39,Product-130,This is a description for Product-130.,Home,390.14,7087,3.8,M3DJLY7D9XT5MI6K1UI0,2.82,39.65,15.12,38.41,e7982b0a-0d84-4aa4-a02b-fcbf21a1e10b
24643cf3-1733-4230-a985-b1607ae73692,Product-131,This is a description for Product-131.,Home,588.3,9124,4.5,GPBN975VZ0CWBQC6NDTK,7.93,3.33,19.5,39.39,2c2e9a81-06f1-4adb-9fbb-3d628a6b3142
986a01bd-4a7a-407f-b872-f21581adf485,Product-132,This is a description for Product-132.,Home,95.38,5614,3.5,4P6JT3HY2F59OOA2Q64F,5.5,30.04,28.55,48.87,4945cd6d-d009-41ec-b531-c9e08f22a060
a219399f-9567-4b9a-a86e-6d46301103e5,Product-133,This is a description for Product-133.,Accessories,532.06,5738,3.8,9IVWUB5AE5JHW4OJLA4D,6.09,31.61,28.68,21.84,87235746-6742-4dc2-96a9-ce5fe8e7944d
89d11735-685c-4510-8cf9-a1ef1161ed69,Product-134,This is a description for Product-134.,Home,367.78,7443,3.9,P76JCO0LKSJHQL8RY44T,7.3,1.94,26.4,34.19,6967370e-b645-4172-99b4-ac8ad5a54418
1e7f5728-74b7-4264-8b45-0e77e4d6082e,Product-135,This is a description for Product-135.,Accessories,601.34,6732,4,VVH9ULK0WYSZMDKMTUZ2,1.34,19.76,8.1,15.04,44faca6e-6390-4098-97ff-b51596e1ba5c
e6930453-946f-49ae-a4db-b92f84f702a4,Product-136,This is a description for Product-136.,Electronics,258.86,3788,3.3,F62845CV871855UDJBGE,5.24,17.26,19.97,38.36,3d70c954-2760-483b-abf0-3dae74cd9759
d4f974f1-22f8-4517-937b-9a91b17b5dd2,Product-137,This is a description for Product-137.,Electronics,56.33,6579,4.8,CRLT0P28UUD4AK1L2AUI,3.49,17.71,46.12,39.63,3fec8fad-403c-4c8e-af7b-b930f8c89b51
cb46e9e5-a51c-42b6-a5a4-6028d75bdadf,Product-138,This is a description for Product-138.,Clothing,62.88,9118,3.3,KB3N8PBGZ1JWGDI13DQP,2.31,22.83,2.45,42.91,0ac272c4-1af3-4e15-8044-7088011184f1
10b5fb5c-a32a-4572-88e4-53055855b7ca,Product-139,This is a description for Product-139.,Toys,990.06,6335,4.5,GLBC3ZZZ0LSKN730U32A,3.81,15.58,25.59,26.72,b57ab9d5-ff20-4dc1-930b-a01333524e96
8cbe7db9-2106-4c92-ad74-bdd4b667fdd6,Product-140,This is a description for Product-140.,Toys,11.39,8620,4.2,4JF2B9NQ2FZKQKVMQCDA,2.78,29.34,36.17,46.44,17a92a08-e555-4f7c-b5b8-92b2a77e5f2a
34ecfa34-702f-46f6-a1bc-271a636b0bfd,Product-141,This is a description for Product-141.,Toys,499.41,8936,4.2,BE72VFFMX9651XLWXIFA,5.76,47.12,19.94,19.7,c3c38f1d-2cde-44ab-a7a2-dac086726149
c981a3a6-542f-43a4-b1b9-3a74de551c9a,Product-142,This is a description for Product-142.,Toys,381.41,8540,4.8,3CWOA71Q1P54FOBMAB18,7.46,40.27,40.83,48.51,448da9b6-21cf-48fb-9a87-eab21a359386
f394bcba-2ca7-489a-a686-0b9d3091afd0,Product-143,This is a description for Product-143.,Toys,183.01,6450,3.6,ICM7SPPIYUUXTNF4QWER,2,9.8,41.45,46.62,88b97e7e-ae62-4b2f-94e8-be435f2c6b10
666f293f-07f9-409d-aa92-2f34c39bc25f,Product-144,This is a description for Product-144.,Toys,370.08,6928,3.4,J7HM41D8KYGWKNUCILLD,0.74,39.7,38.59,17.52,41414bb6-8d45-4f97-8537-c954cdf48d4e
30eb23f2-8fd1-4731-9e0c-c49ada24b46a,Product-145,This is a description for Product-145.,Toys,190.26,4676,4.3,OMJYFB368UGVPTQ2E0VM,4.88,23.54,15.14,5.1,b81a8dd5-a9da-4f2c-90bb-53fc9641633b
b3897f07-2b73-47fa-9606-f3250cd8aedb,Product-146,This is a description for Product-146.,Toys,184.33,9533,3.2,VVZ826XTJZD4DE4WBG9T,4.82,35.91,37.36,23.61,44c6c7f3-ae0e-408e-8fb8-bd5e30b9f0c7
337129da-9f01-4c76-b9d7-f3e818edd996,Product-147,This is a description for Product-147.,Toys,125.34,6092,3.6,KMK8O0WW5T0ECAK2KGZW,0.34,4.34,14.28,33.09,2e23dc7b-590d-4f45-a9d9-24fd8f48ccc9
5d4d4326-8c60-4245-8bd6-2effa835d2b3,Product-148,This is a description for Product-148.,Toys,301.32,7037,3.9,G2T2RBQK5EXZF341S7E6,5.59,5.74,25.08,48.71,6c359a2f-5daa-4502-8d68-81f6a05297c1
dac4b137-8d7f-4c29-b786-14a95b7e797d,Product-149,This is a description for Product-149.,Toys,233.38,2897,4.7,87604NNA8DL0F4KULFUS,5.98,29.85,18.97,10.22,f9857208-4356-49bb-9122-fc2f39eab83f
236de4b4-7c44-4a87-8d9c-94369e86ce87,Product-150,This is a description for Product-150.,Accessories,780.95,6658,3.8,ZOQ9VDAKHL496H5KJ0A9,3.34,28.32,20.12,24.6,5e66bf2d-0521-4b59-a67e-3a1a31f7ff7b
ecb700ef-d8c1-455f-9860-a09508be9652,Product-151,This is a description for Product-151.,Clothing,450.73,4913,3.5,PET209VWUYH1U3V5FALN,2.98,39.71,28.57,12.22,70ce8822-46ef-4935-8e88-1d61067a97af
472b1438-9b21-4fea-aec8-01fa2deadcd9,Product-152,This is a description for Product-152.,Accessories,7.62,5446,3.9,YICX3YKS9NI4AWOEV33H,3.94,32.38,12.21,27.82,06bbeb8a-490d-48ab-9660-bd178832e853
1dc54939-9a53-4408-8ba7-8f0a1fb2ab20,Product-153,This is a description for Product-153.,Home,287.68,2710,3.7,K7337AMVN2X42XI3ZYBU,2.06,33.09,3.99,39.81,f65a94da-51e2-461c-9406-6fb3fcb78bc2
bb653515-a313-437a-806b-f722f0f26a5f,Product-154,This is a description for Product-154.,Home,933.3,3899,3.9,EB38OI39GCWXD7WC7VLU,2.81,33.4,43.72,3.03,4c151d90-760a-4539-8b71-72b027e144c3
0d183f6d-ae14-4007-b228-55e0047328fe,Product-155,This is a description for Product-155.,Home,464.81,4208,3.4,5ZRHRZAPI4CR8UDK6JXH,9.2,5.24,41.57,16.32,e50a5399-2e33-46d3-89f3-00ce4b625ed1
3ab2af53-c321-448f-8052-8453bac1cf34,Product-156,This is a description for Product-156.,Home,819.17,6164,4.1,1P825XSE99DBBVI7C9IW,4.62,10.59,13.33,29.36,7b13c4d8-0e63-439c-a152-cd46486fd512
f087d834-6a2a-44a5-99a3-58ae56b9ac3f,Product-157,This is a description for Product-157.,Clothing,580.37,8911,3.6,QW38HQAD1842IHJ2MG76,5.22,8.34,14.39,36.24,97620e14-e345-46cb-a1eb-92e8730ec9f0
7c68f9c8-0345-4650-9f0f-3afe67cc9d38,Product-158,This is a description for Product-158.,Home,363.59,8399,3.9,LWOBXO2KXHSHLSWET1BH,1.18,24.05,34.4,29.26,378bd111-c536-45f9-b7e6-28f7a4c35142
79eeac1f-e69a-47bc-b5fb-fb757fee980d,Product-159,This is a description for Product-159.,Home,450.11,5008,2,WKJ7JCB0KI3QNUMP20BJ,9.83,41.65,41.54,25.22,6e436679-ac24-4d70-9566-5dfbaf4c1b28
a43e24dd-2830-4ebe-8d17-d6a538b1bd3f,Product-160,This is a description for Product-160.,Accessories,510.94,1848,3.7,LVKM67Y46MFMG39YYDYH,9.46,27.98,38,20.14,c3e01877-d6d6-43d5-b2fc-f4986d9fff65
7f9558ea-50c4-4a48-8efb-78cd2472e301,Product-161,This is a description for Product-161.,Electronics,667.08,132,3.5,VXLM85Y9MFBTNLD2LZ2A,8.65,3.98,5.3,27.53,c8db13bc-aa69-4088-a221-e2d62d42245e
54748ac6-37d7-4ce2-a620-458aed18ee6e,Product-162,This is a description for Product-162.,Electronics,547.47,4453,3.8,M7OPX4UXU73LBTZCXDDE,0.22,30.2,38.26,12,80dcaa13-a6e3-4064-bb44-0d8d55c1ed74
0dc14e68-3816-491c-86f8-b08e918297df,Product-163,This is a description for Product-163.,Accessories,334.13,2058,4.6,HVC6M9LXLGCRRTGETFLE,4.35,22.94,2.03,3.18,17b66ec3-1708-4643-a3c3-08c64a9d03e0
8f7e96e3-92f1-43c7-a35a-4e919b77eed9,Product-164,This is a description for Product-164.,Electronics,352.29,4729,3.6,AZ5V8K2CTC2RG4G3NMG0,9.76,30.68,35.1,5.06,e52e51ed-0a2e-43ce-9e55-a21470970180
955d9693-cc0f-4dca-b7d0-6be1dbb37171,Product-165,This is a description for Product-165.,Home,257.45,1556,3.9,Z144KS28YQZK8T878NCQ,4.93,38.93,37.54,27.67,f1e084d2-775e-46e5-88bc-e1aca22233de
ad737b29-dfde-4377-ab2e-b4ebc9d1ff8e,Product-166,This is a description for Product-166.,Clothing,880.87,3038,4.6,JYFLK4EJ41QMUHQQOUHN,9.86,4.18,16.77,43.01,c464662e-20c3-429f-abb5-0432a9354ed7
3807bde6-d2cc-44f1-86ee-0b5640efc5bd,Product-167,This is a description for Product-167.,Home,500.96,1643,3.4,1DMLQQVVRW4VMEGYQEAR,8.18,17.81,28.85,21.35,8cde8899-6697-4ab4-a432-c97b2e2c26ae
528b893a-4f65-44ec-8abd-51560e15be31,Product-168,This is a description for Product-168.,Electronics,622.22,5400,4.4,5HWRFH5Q7RAXBSYAX0AJ,2.33,31.42,38.74,33.37,3708e648-44b0-45f6-8cad-f20a8fe6e575
358bb0e4-21c8-46a0-8d8b-b3a3d7a25eb9,Product-169,This is a description for Product-169.,Clothing,812.8,2035,5,A47E149R2NQ1ODYM14YG,9.63,33.31,48.58,23.65,a84ea3e2-f868-4496-922b-787e06146775
335b5b19-4a8e-48ea-89e2-998aa2824ec9,Product-170,This is a description for Product-170.,Clothing,530.77,1542,3.1,5KPQ4NT16SS8UW1OXPRD,7.1,25.53,24.86,11.48,24acdf9d-0c9d-4264-b6b0-b33ad7e774e3
f050080a-91e6-42a2-9b65-87b515db3286,Product-171,This is a description for Product-171.,Toys,423.32,3270,4.3,8OP651B2EE1P617XPGUI,3.08,48.14,15.6,35.23,66a531d8-5d3e-4612-8ed4-a39a18c6451b
244b8cf7-36bb-4486-b03a-75547aea9537,Product-172,This is a description for Product-172.,Accessories,78.51,6282,3.1,IUEGOU15DMLJZ8EP4OW6,4.78,12.08,3.97,31.69,ee257bad-b8df-4fe2-b4b8-706732736db2
480cb694-9fa3-4f38-8785-a63284c4eac0,Product-173,This is a description for Product-173.,Electronics,789.19,310,3.1,5PHHBW4GWSCEZ8IHKNRP,9.06,48.22,24.25,4.07,4b5dd211-248a-46a9-b58f-0d0b2efdf18f
1a751026-7d0f-406b-854a-d9ef1c7b229b,Product-174,This is a description for Product-174.,Electronics,482.53,3533,3.9,M8HUHABS2DPVW4V12YEQ,2.87,46.16,48.25,46.37,f94fa2f8-9a4f-48bf-b26a-99d5e1bb2002
91042da0-654b-4ec8-87ea-6a1b23785304,Product-175,This is a description for Product-175.,Home,247.26,5095,3.9,3Q75AWNNHZKUOHRSVQ0H,9.91,12.7,9.71,23.64,3954808b-62f5-4bea-93cc-f631015b2c62
eb897cde-461e-4f4d-a669-04b19bf8c132,Product-176,This is a description for Product-176.,Accessories,33.84,2818,3.3,T4NSML9DJK3BK6WWAW3Q,2.21,1.94,48.99,10.6,c3f0f0cf-1354-41b9-aa87-ea2c67b13dd6
ef7cfb1c-0f6e-4f3c-b30e-d52a85e7789b,Product-177,This is a description for Product-177.,Accessories,865.64,6692,3.1,RXT832XS8WN7GLR4E9RK,3.88,15.99,28.23,26.87,505ae358-902b-4bb1-8b40-81c67a6700e5
55ae659c-6c6c-4bc6-825a-b16706b9cab7,Product-178,This is a description for Product-178.,Accessories,464,4501,3.6,M174IDD65Z1FJO6LW1OW,5.94,38.95,17.04,33.48,dfd0d5a3-ef60-403d-b33d-41dbb95c7733
15d3ad3e-8a27-4dac-a0cb-261486c0a161,Product-179,This is a description for Product-179.,Accessories,243.29,8768,4.6,LCJ870ZEX181L1H2E3A4,8.75,6.29,5.5,7.75,f385be8c-884b-4996-86ea-c0d4cf36f95f
2e69c26a-2d9e-4e83-9436-cbf26ff6834e,Product-180,This is a description for Product-180.,Toys,904.59,3230,3.9,EEV15ZN4ZYV0US5M27RW,2.97,10.76,36.22,2.27,f54acf68-7923-468f-ad9c-7f852e5c42d0
a12599ff-f3a6-4e1a-b307-9ca0f5f7f8bc,Product-181,This is a description for Product-181.,Accessories,802.1,9975,4.3,GTXRHAL3DZN2VPQX5NH0,2.12,48.98,41.16,19.96,14a16d33-73c7-4b0a-9384-d75e16c7e90d
fabc4fd6-97c2-4afe-831a-2d7139964e4f,Product-182,This is a description for Product-182.,Accessories,804.79,8795,3.9,4FV9SGX6D4F3Z9VNPIHR,6.08,26.69,45.23,14.81,3759a4ed-6c78-477f-931b-2962dfc1f983
bd09f73a-e72f-4661-ac1b-26bbe5046631,Product-183,This is a description for Product-183.,Accessories,355.97,6992,3.6,SWLX54IEEKX0EC8CDKXS,3.04,13.4,16.33,8.3,926bff3b-6127-45e6-a11d-dbce6f888696
02cfdb80-b32c-4824-9e9c-e56bc7b7b232,Product-184,This is a description for Product-184.,Electronics,868.49,7755,1,5AV397T5KJKE1XYUL6A9,2.55,14.35,30.91,4.24,e213de2e-30fb-4eef-890d-e95440370cd8
2c1e6069-df08-4f11-9447-91e971e6dc31,Product-185,This is a description for Product-185.,Accessories,850.91,2552,4.1,8K2TX0UVKNXPF24D4CP1,0.4,35.78,7.95,4.39,50d1fa53-8768-43a1-90f5-4cadaa42b218
8edf01ba-baec-4c42-80b4-adc060cd5952,Product-186,This is a description for Product-186.,Clothing,282.67,6400,3.6,Q5H5HR71BPOE9KGPKZTH,0.18,49.16,30.51,14.41,6e929eba-dce2-4614-bd98-1e4365345b91
a3c8868c-a1ee-4041-92ff-3cb95795f8d3,Product-187,This is a description for Product-187.,Electronics,823.09,7316,4.4,L7UN19D4B84P90I10P7O,6.49,46.56,2.73,5.54,528ef0e1-5d9c-4234-998a-98807c76d41c
d4cee58e-205b-4dda-a142-0425c4eb161d,Product-188,This is a description for Product-188.,Electronics,41.92,9688,4.7,MZ4VZQOA947AVFZ2ETEF,2.7,39.84,33.38,13.24,66892f18-747f-4a5e-8ef2-c889c0334ca7
e2343b4c-fbae-4212-aace-8259b2359d28,Product-189,This is a description for Product-189.,Electronics,701.11,6169,3.1,FTV0AAIO0A1VGXI18OHM,7.24,35.33,35.72,18.94,b78c3812-6a53-47f9-a537-473287f3cb3f
efd8b25f-95e9-4108-8c71-098ebdad56eb,Product-190,This is a description for Product-190.,Toys,705.75,1040,3.8,2L3648GQB7VJ8T3WNO2U,6.58,28.73,49.74,11.57,98b34325-2a60-4334-88e0-a2f8cb79ed98
39ac2e37-dff9-4ac2-8e7e-9920d298bafd,Product-191,This is a description for Product-191.,Toys,751.93,9428,3.9,HGWAMP8782N3LLX7CUD7,9.98,22.27,19.81,27.88,b8db4f23-4462-474e-8739-ca031cc05763
4548e407-193f-4b06-a342-0e74745f63fc,Product-192,This is a description for Product-192.,Electronics,185.45,3181,4.9,934SGHCRDO34EYFO6Y06,8.33,41.95,47.95,19.01,9ef98571-0b6a-4915-a3a2-45df8d450ec5
07f52bf1-b5ea-46e5-8217-50e072100533,Product-193,This is a description for Product-193.,Electronics,796.9,7309,3,MI7XQR72B9I4YDGJPCQ8,5.66,36.72,30.66,5.65,1e64c087-14ba-4f3f-9c7c-a5842f63745b
57a0cd7b-7f34-4929-86ff-0fbf6aec9a1c,Product-194,This is a description for Product-194.,Electronics,475.46,1384,3.2,TFDYXYIZ5QWDB3GBYAPP,9.6,32.36,6.7,13.18,fa6e6c7a-7b96-4231-b218-486b3f0777d1
3063d6cb-0afc-4d12-a32b-2c6d0df9bee9,Product-195,This is a description for Product-195.,Electronics,773.28,173,3.4,MQZ4P7LP9B6FWXRIO1Y4,9.33,34.55,42.47,43.98,555192a9-e439-446d-8a4a-d2e836667194
ea9ec430-d375-49b4-abd0-d704ecdbe204,Product-196,This is a description for Product-196.,Toys,699.89,6813,4.5,QIMDKVFWH0TGHYJUC50E,4.52,37.25,37.91,40.73,c8c574d8-9ee7-476f-abfc-d06eb9849195
6883df03-fa3e-4d67-a68d-5d5446c3f018,Product-197,This is a description for Product-197.,Clothing,439.5,7468,4.2,CN1BRD969NJRJFFQB4H1,5.52,32.52,16.29,3.98,811da214-0eab-4726-bba7-ca6844ca6a82
cd1601af-af20-4dc9-9503-076c523db05e,Product-198,This is a description for Product-198.,Clothing,434.73,616,4.2,ZFBIWCXE53JCPV930T30,1.1,12.11,2.55,21.4,2679bacb-1d1d-4632-9777-0c9c18d38a30
32128052-440c-4eb5-9434-06e2f64b3f1e,Product-199,This is a description for Product-199.,Clothing,739.61,8384,3.8,IVPGT1TI981UQTE9QQWB,5.45,10.83,24.6,1.49,acfcf3bc-5008-4e45-855e-18eb1bce44bc
2b13f676-f851-4988-94ee-713b324cef27,Product-200,This is a description for Product-200.,Accessories,73.99,6078,4.1,RN0EHP0K1ZDUX6VRJZC7,3.13,9.2,1.71,27.51,f68d563e-1e96-4608-98b6-299d68e64bb2